# _raj2000,SDSS,_dej2000
359.43225,J235743.74+003918.6,0.65517
359.31155,J235714.77-003836.6,-0.6435
